prod_id,sup_id,stock_id,quantity
QQQQ1,00Q,AA1,176
WWWW2,00W,AA2,177
EEEE3,00E,AA3,23
RRRR4,00R,AA4,35
TTTT5,00T,AA5,35
YYYY6,00Y,AA6,36
UUUU7,00U,AA7,36
IIII8,00I,AA8,36
OOOO9,00O,AA9,36
PPPP0,00P,AA0,36
LLLL0,00A,SS1,37
KKKK9,00S,SS2,37
JJJJ8,00D,SS3,37
HHHH7,00F,SS4,38
GGGG6,00G,SS5,41
FFFF5,00H,SS6,35
DDDD4,00J,SS7,7
SSSS3,00K,SS8,8
AAAA2,00L,SS9,8
ZZZZ1,00Z,SS0,22
XXXX2,00X,FF1,32
CCCC3,00C,GG2,3
VVVV4,00V,FF3,36
BBBB5,00B,FF4,5
NNNN6,00N,FF5,6
MMMM7,00M,FF6,6
QQQQ8,11Q,FF7,6
WWWW9,11W,FF8,6
EEEE0,11E,FF9,6
RRRR1,11R,FF0,7
TTTT2,11T,GG3,119
YYYY3,11Y,GG4,119
UUUU4,11U,GG5,120
IIII5,11I,GG6,120
OOOO6,11O,GG7,121
DDDD8,11P,GG8,122
FFFF9,11A,GG9,122
SSSS0,11S,GG0,122
RRRR8,11D,HH2,123
VVVV6,11F,HH3,123
BBBB3,11G,HH5,124
MMMM2,11H,HH6,124
ZZZZ4,11J,HH7,125
KKKK7,11K,HH8,125
LLLL3,11L,HH9,109